metric,sec_metric,start_date,end_date,fiscal_year,fiscal_period,value,form,filed_date,accession_number
net_income,NetIncomeLoss,2009-07-01,2009-09-30,2010,Q1,3574000000,10-Q,2009-10-23,0001193125-09-212454
operating_income,OperatingIncomeLoss,2009-07-01,2009-09-30,2010,Q1,4482000000,10-Q,2009-10-23,0001193125-09-212454
net_income,NetIncomeLoss,2009-10-01,2009-12-31,2010,Q2,6662000000,10-Q,2010-01-28,0001193125-10-015598
operating_income,OperatingIncomeLoss,2009-10-01,2009-12-31,2010,Q2,8513000000,10-Q,2010-01-28,0001193125-10-015598
net_income,NetIncomeLoss,2010-01-01,2010-03-31,2010,Q3,4006000000,10-Q,2010-04-22,0001193125-10-090116
operating_income,OperatingIncomeLoss,2010-01-01,2010-03-31,2010,Q3,5173000000,10-Q,2010-04-22,0001193125-10-090116
net_income,NetIncomeLoss,2010-04-01,2010-06-30,2010,Q4,4518000000,DERIVED,2010-07-30,0001193125-10-171791 | 0001193125-10-090116
operating_income,OperatingIncomeLoss,2010-04-01,2010-06-30,2010,Q4,5930000000,DERIVED,2010-07-30,0001193125-10-171791 | 0001193125-10-090116
net_income,NetIncomeLoss,2010-07-01,2010-09-30,2011,Q1,5410000000,10-Q,2010-10-28,0001193125-10-239825
operating_income,OperatingIncomeLoss,2010-07-01,2010-09-30,2011,Q1,7116000000,10-Q,2010-10-28,0001193125-10-239825
net_income,NetIncomeLoss,2010-10-01,2010-12-31,2011,Q2,6634000000,10-Q,2011-01-27,0001193125-11-015947
operating_income,OperatingIncomeLoss,2010-10-01,2010-12-31,2011,Q2,8165000000,10-Q,2011-01-27,0001193125-11-015947
net_income,NetIncomeLoss,2011-01-01,2011-03-31,2011,Q3,5232000000,10-Q,2011-04-28,0001193125-11-115186
operating_income,OperatingIncomeLoss,2011-01-01,2011-03-31,2011,Q3,5709000000,10-Q,2011-04-28,0001193125-11-115186
net_income,NetIncomeLoss,2011-04-01,2011-06-30,2011,Q4,5874000000,DERIVED,2011-07-28,0001193125-11-200680 | 0001193125-11-115186
operating_income,OperatingIncomeLoss,2011-04-01,2011-06-30,2011,Q4,6171000000,DERIVED,2011-07-28,0001193125-11-200680 | 0001193125-11-115186
net_income,NetIncomeLoss,2011-07-01,2011-09-30,2012,Q1,5738000000,10-Q,2011-10-20,0001193125-11-276022
operating_income,OperatingIncomeLoss,2011-07-01,2011-09-30,2012,Q1,7203000000,10-Q,2011-10-20,0001193125-11-276022
net_income,NetIncomeLoss,2012-01-01,2012-03-31,2012,Q3,5108000000,10-Q,2012-04-19,0001193125-12-170665
operating_income,OperatingIncomeLoss,2012-01-01,2012-03-31,2012,Q3,6374000000,10-Q,2012-04-19,0001193125-12-170665
net_income,NetIncomeLoss,2012-04-01,2012-06-30,2012,Q4,-492000000,DERIVED,2012-07-26,0001193125-12-316848 | 0001193125-12-170665
operating_income,OperatingIncomeLoss,2012-04-01,2012-06-30,2012,Q4,192000000,DERIVED,2012-07-26,0001193125-12-316848 | 0001193125-12-170665
gross_profit,GrossProfit,2012-07-01,2012-09-30,2013,Q1,11840000000,10-Q,2012-10-18,0001193125-12-427209
net_income,NetIncomeLoss,2012-07-01,2012-09-30,2013,Q1,4466000000,10-Q,2012-10-18,0001193125-12-427209
operating_income,OperatingIncomeLoss,2012-07-01,2012-09-30,2013,Q1,5308000000,10-Q,2012-10-18,0001193125-12-427209
gross_profit,GrossProfit,2012-10-01,2012-12-31,2013,Q2,15764000000,10-Q,2013-01-24,0001193125-13-022207
net_income,NetIncomeLoss,2012-10-01,2012-12-31,2013,Q2,6377000000,10-Q,2013-01-24,0001193125-13-022207
operating_income,OperatingIncomeLoss,2012-10-01,2012-12-31,2013,Q2,7771000000,10-Q,2013-01-24,0001193125-13-022207
gross_profit,GrossProfit,2013-01-01,2013-03-31,2013,Q3,15702000000,10-Q,2013-04-18,0001193125-13-160748
net_income,NetIncomeLoss,2013-01-01,2013-03-31,2013,Q3,6055000000,10-Q,2013-04-18,0001193125-13-160748
operating_income,OperatingIncomeLoss,2013-01-01,2013-03-31,2013,Q3,7612000000,10-Q,2013-04-18,0001193125-13-160748
gross_profit,GrossProfit,2013-04-01,2013-06-30,2013,Q4,14294000000,DERIVED,2013-07-30,0001193125-13-310206 | 0001193125-13-160748
net_income,NetIncomeLoss,2013-04-01,2013-06-30,2013,Q4,4965000000,DERIVED,2013-07-30,0001193125-13-310206 | 0001193125-13-160748
operating_income,OperatingIncomeLoss,2013-04-01,2013-06-30,2013,Q4,6073000000,DERIVED,2013-07-30,0001193125-13-310206 | 0001193125-13-160748
gross_profit,GrossProfit,2013-07-01,2013-09-30,2014,Q1,13415000000,10-Q,2013-10-24,0001193125-13-409855
net_income,NetIncomeLoss,2013-07-01,2013-09-30,2014,Q1,5244000000,10-Q,2013-10-24,0001193125-13-409855
operating_income,OperatingIncomeLoss,2013-07-01,2013-09-30,2014,Q1,6334000000,10-Q,2013-10-24,0001193125-13-409855
gross_profit,GrossProfit,2013-10-01,2013-12-31,2014,Q2,16235000000,10-Q,2014-01-23,0001193125-14-018634
net_income,NetIncomeLoss,2013-10-01,2013-12-31,2014,Q2,6558000000,10-Q,2014-01-23,0001193125-14-018634
operating_income,OperatingIncomeLoss,2013-10-01,2013-12-31,2014,Q2,7969000000,10-Q,2014-01-23,0001193125-14-018634
gross_profit,GrossProfit,2014-01-01,2014-03-31,2014,Q3,14462000000,10-Q,2014-04-24,0001193125-14-157088
net_income,NetIncomeLoss,2014-01-01,2014-03-31,2014,Q3,5660000000,10-Q,2014-04-24,0001193125-14-157088
operating_income,OperatingIncomeLoss,2014-01-01,2014-03-31,2014,Q3,6974000000,10-Q,2014-04-24,0001193125-14-157088
gross_profit,GrossProfit,2014-04-01,2014-06-30,2014,Q4,15787000000,DERIVED,2014-07-31,0001193125-14-289961 | 0001193125-14-157088
net_income,NetIncomeLoss,2014-04-01,2014-06-30,2014,Q4,4612000000,DERIVED,2014-07-31,0001193125-14-289961 | 0001193125-14-157088
operating_income,OperatingIncomeLoss,2014-04-01,2014-06-30,2014,Q4,6482000000,DERIVED,2014-07-31,0001193125-14-289961 | 0001193125-14-157088
gross_profit,GrossProfit,2014-07-01,2014-09-30,2015,Q1,14928000000,10-Q,2014-10-23,0001193125-14-380252
net_income,NetIncomeLoss,2014-07-01,2014-09-30,2015,Q1,4540000000,10-Q,2014-10-23,0001193125-14-380252
operating_income,OperatingIncomeLoss,2014-07-01,2014-09-30,2015,Q1,5844000000,10-Q,2014-10-23,0001193125-14-380252
gross_profit,GrossProfit,2014-10-01,2014-12-31,2015,Q2,16334000000,10-Q,2015-01-26,0001193125-15-020351
net_income,NetIncomeLoss,2014-10-01,2014-12-31,2015,Q2,5863000000,10-Q,2015-01-26,0001193125-15-020351
operating_income,OperatingIncomeLoss,2014-10-01,2014-12-31,2015,Q2,7776000000,10-Q,2015-01-26,0001193125-15-020351
gross_profit,GrossProfit,2015-01-01,2015-03-31,2015,Q3,14568000000,10-Q,2015-04-23,0001193125-15-144151
net_income,NetIncomeLoss,2015-01-01,2015-03-31,2015,Q3,4985000000,10-Q,2015-04-23,0001193125-15-144151
operating_income,OperatingIncomeLoss,2015-01-01,2015-03-31,2015,Q3,6594000000,10-Q,2015-04-23,0001193125-15-144151
gross_profit,GrossProfit,2015-04-01,2015-06-30,2015,Q4,14712000000,DERIVED,2015-07-31,0001193125-15-272806 | 0001193125-15-144151
net_income,NetIncomeLoss,2015-04-01,2015-06-30,2015,Q4,-3195000000,DERIVED,2015-07-31,0001193125-15-272806 | 0001193125-15-144151
operating_income,OperatingIncomeLoss,2015-04-01,2015-06-30,2015,Q4,-2053000000,DERIVED,2015-07-31,0001193125-15-272806 | 0001193125-15-144151
gross_profit,GrossProfit,2015-07-01,2015-09-30,2016,Q1,13172000000,10-Q,2015-10-22,0001193125-15-350718
net_income,NetIncomeLoss,2015-07-01,2015-09-30,2016,Q1,4620000000,10-Q,2015-10-22,0001193125-15-350718
operating_income,OperatingIncomeLoss,2015-07-01,2015-09-30,2016,Q1,5793000000,10-Q,2015-10-22,0001193125-15-350718
gross_profit,GrossProfit,2015-10-01,2015-12-31,2016,Q2,13924000000,10-Q,2016-01-28,0001193125-16-441821
net_income,NetIncomeLoss,2015-10-01,2015-12-31,2016,Q2,4998000000,10-Q,2016-01-28,0001193125-16-441821
operating_income,OperatingIncomeLoss,2015-10-01,2015-12-31,2016,Q2,6026000000,10-Q,2016-01-28,0001193125-16-441821
gross_profit,GrossProfit,2016-01-01,2016-03-31,2016,Q3,12809000000,10-Q,2016-04-21,0001193125-16-550254
net_income,NetIncomeLoss,2016-01-01,2016-03-31,2016,Q3,3756000000,10-Q,2016-04-21,0001193125-16-550254
operating_income,OperatingIncomeLoss,2016-01-01,2016-03-31,2016,Q3,5283000000,10-Q,2016-04-21,0001193125-16-550254
gross_profit,GrossProfit,2016-04-01,2016-06-30,2016,Q4,12635000000,DERIVED,2016-07-28,0001193125-16-662209 | 0001193125-16-550254
net_income,NetIncomeLoss,2016-04-01,2016-06-30,2016,Q4,3122000000,DERIVED,2016-07-28,0001193125-16-662209 | 0001193125-16-550254
operating_income,OperatingIncomeLoss,2016-04-01,2016-06-30,2016,Q4,3080000000,DERIVED,2016-07-28,0001193125-16-662209 | 0001193125-16-550254
gross_profit,GrossProfit,2016-07-01,2016-09-30,2017,Q1,12609000000,10-Q,2016-10-20,0001193125-16-742796
net_income,NetIncomeLoss,2016-07-01,2016-09-30,2017,Q1,4690000000,10-Q,2016-10-20,0001193125-16-742796
operating_income,OperatingIncomeLoss,2016-07-01,2016-09-30,2017,Q1,5225000000,10-Q,2016-10-20,0001193125-16-742796
gross_profit,GrossProfit,2016-10-01,2016-12-31,2017,Q2,14189000000,10-Q,2017-01-26,0001564590-17-000654
net_income,NetIncomeLoss,2016-10-01,2016-12-31,2017,Q2,5200000000,10-Q,2017-01-26,0001564590-17-000654
operating_income,OperatingIncomeLoss,2016-10-01,2016-12-31,2017,Q2,6177000000,10-Q,2017-01-26,0001564590-17-000654
gross_profit,GrossProfit,2017-01-01,2017-03-31,2017,Q3,14030000000,10-Q,2017-04-27,0001564590-17-007547
net_income,NetIncomeLoss,2017-01-01,2017-03-31,2017,Q3,4801000000,10-Q,2017-04-27,0001564590-17-007547
operating_income,OperatingIncomeLoss,2017-01-01,2017-03-31,2017,Q3,5594000000,10-Q,2017-04-27,0001564590-17-007547
gross_profit,GrossProfit,2017-04-01,2017-06-30,2017,Q4,14861000000,DERIVED,2017-08-02,0001564590-17-014900 | 0001564590-17-007547
net_income,NetIncomeLoss,2017-04-01,2017-06-30,2017,Q4,6513000000,DERIVED,2017-08-02,0001564590-17-014900 | 0001564590-17-007547
operating_income,OperatingIncomeLoss,2017-04-01,2017-06-30,2017,Q4,5330000000,DERIVED,2017-08-02,0001564590-17-014900 | 0001564590-17-007547
gross_profit,GrossProfit,2017-07-01,2017-09-30,2018,Q1,16260000000,10-Q,2017-10-26,0001564590-17-020171
net_income,NetIncomeLoss,2017-07-01,2017-09-30,2018,Q1,6576000000,10-Q,2017-10-26,0001564590-17-020171
operating_income,OperatingIncomeLoss,2017-07-01,2017-09-30,2018,Q1,7708000000,10-Q,2017-10-26,0001564590-17-020171
gross_profit,GrossProfit,2017-10-01,2017-12-31,2018,Q2,17854000000,10-Q,2018-01-31,0001564590-18-001129
net_income,NetIncomeLoss,2017-10-01,2017-12-31,2018,Q2,-6302000000,10-Q,2018-01-31,0001564590-18-001129
operating_income,OperatingIncomeLoss,2017-10-01,2017-12-31,2018,Q2,8679000000,10-Q,2018-01-31,0001564590-18-001129
gross_profit,GrossProfit,2018-01-01,2018-03-31,2018,Q3,17550000000,10-Q,2018-04-26,0001564590-18-009307
net_income,NetIncomeLoss,2018-01-01,2018-03-31,2018,Q3,7424000000,10-Q,2018-04-26,0001564590-18-009307
operating_income,OperatingIncomeLoss,2018-01-01,2018-03-31,2018,Q3,8292000000,10-Q,2018-04-26,0001564590-18-009307
gross_profit,GrossProfit,2018-04-01,2018-06-30,2018,Q4,20343000000,DERIVED,2018-08-03,0001564590-18-019062 | 0001564590-18-009307
net_income,NetIncomeLoss,2018-04-01,2018-06-30,2018,Q4,8873000000,DERIVED,2018-08-03,0001564590-18-019062 | 0001564590-18-009307
operating_income,OperatingIncomeLoss,2018-04-01,2018-06-30,2018,Q4,10379000000,DERIVED,2018-08-03,0001564590-18-019062 | 0001564590-18-009307
gross_profit,GrossProfit,2018-07-01,2018-09-30,2019,Q1,19179000000,10-Q,2018-10-24,0001564590-18-024893
net_income,NetIncomeLoss,2018-07-01,2018-09-30,2019,Q1,8824000000,10-Q,2018-10-24,0001564590-18-024893
operating_income,OperatingIncomeLoss,2018-07-01,2018-09-30,2019,Q1,9955000000,10-Q,2018-10-24,0001564590-18-024893
revenue,RevenueFromContractWithCustomerExcludingAssessedTax,2018-07-01,2018-09-30,2019,Q1,29084000000,10-Q,2018-10-24,0001564590-18-024893
gross_profit,GrossProfit,2018-10-01,2018-12-31,2019,Q2,20048000000,10-Q,2019-01-30,0001564590-19-001392
net_income,NetIncomeLoss,2018-10-01,2018-12-31,2019,Q2,8420000000,10-Q,2019-01-30,0001564590-19-001392
operating_income,OperatingIncomeLoss,2018-10-01,2018-12-31,2019,Q2,10258000000,10-Q,2019-01-30,0001564590-19-001392
revenue,RevenueFromContractWithCustomerExcludingAssessedTax,2018-10-01,2018-12-31,2019,Q2,32471000000,10-Q,2019-01-30,0001564590-19-001392
gross_profit,GrossProfit,2019-01-01,2019-03-31,2019,Q3,20401000000,10-Q,2019-04-24,0001564590-19-012709
net_income,NetIncomeLoss,2019-01-01,2019-03-31,2019,Q3,8809000000,10-Q,2019-04-24,0001564590-19-012709
operating_income,OperatingIncomeLoss,2019-01-01,2019-03-31,2019,Q3,10341000000,10-Q,2019-04-24,0001564590-19-012709
revenue,RevenueFromContractWithCustomerExcludingAssessedTax,2019-01-01,2019-03-31,2019,Q3,30571000000,10-Q,2019-04-24,0001564590-19-012709
gross_profit,GrossProfit,2019-04-01,2019-06-30,2019,Q4,23305000000,DERIVED,2019-08-01,0001564590-19-027952 | 0001564590-19-012709
net_income,NetIncomeLoss,2019-04-01,2019-06-30,2019,Q4,13187000000,DERIVED,2019-08-01,0001564590-19-027952 | 0001564590-19-012709
operating_income,OperatingIncomeLoss,2019-04-01,2019-06-30,2019,Q4,12405000000,DERIVED,2019-08-01,0001564590-19-027952 | 0001564590-19-012709
revenue,RevenueFromContractWithCustomerExcludingAssessedTax,2019-04-01,2019-06-30,2019,Q4,33717000000,DERIVED,2019-08-01,0001564590-19-027952 | 0001564590-19-012709
gross_profit,GrossProfit,2019-07-01,2019-09-30,2020,Q1,22649000000,10-Q,2019-10-23,0001564590-19-037549
net_income,NetIncomeLoss,2019-07-01,2019-09-30,2020,Q1,10678000000,10-Q,2019-10-23,0001564590-19-037549
operating_income,OperatingIncomeLoss,2019-07-01,2019-09-30,2020,Q1,12686000000,10-Q,2019-10-23,0001564590-19-037549
revenue,RevenueFromContractWithCustomerExcludingAssessedTax,2019-07-01,2019-09-30,2020,Q1,33055000000,10-Q,2019-10-23,0001564590-19-037549
gross_profit,GrossProfit,2019-10-01,2019-12-31,2020,Q2,24548000000,10-Q,2020-01-29,0001564590-20-002450
net_income,NetIncomeLoss,2019-10-01,2019-12-31,2020,Q2,11649000000,10-Q,2020-01-29,0001564590-20-002450
operating_income,OperatingIncomeLoss,2019-10-01,2019-12-31,2020,Q2,13891000000,10-Q,2020-01-29,0001564590-20-002450
revenue,RevenueFromContractWithCustomerExcludingAssessedTax,2019-10-01,2019-12-31,2020,Q2,36906000000,10-Q,2020-01-29,0001564590-20-002450
gross_profit,GrossProfit,2020-01-01,2020-03-31,2020,Q3,24046000000,10-Q,2020-04-29,0001564590-20-019706
net_income,NetIncomeLoss,2020-01-01,2020-03-31,2020,Q3,10752000000,10-Q,2020-04-29,0001564590-20-019706
operating_income,OperatingIncomeLoss,2020-01-01,2020-03-31,2020,Q3,12975000000,10-Q,2020-04-29,0001564590-20-019706
revenue,RevenueFromContractWithCustomerExcludingAssessedTax,2020-01-01,2020-03-31,2020,Q3,35021000000,10-Q,2020-04-29,0001564590-20-019706
gross_profit,GrossProfit,2020-04-01,2020-06-30,2020,Q4,25694000000,DERIVED,2020-07-30,0001564590-20-034944 | 0001564590-20-019706
net_income,NetIncomeLoss,2020-04-01,2020-06-30,2020,Q4,11202000000,DERIVED,2020-07-30,0001564590-20-034944 | 0001564590-20-019706
operating_income,OperatingIncomeLoss,2020-04-01,2020-06-30,2020,Q4,13407000000,DERIVED,2020-07-30,0001564590-20-034944 | 0001564590-20-019706
revenue,RevenueFromContractWithCustomerExcludingAssessedTax,2020-04-01,2020-06-30,2020,Q4,38033000000,DERIVED,2020-07-30,0001564590-20-034944 | 0001564590-20-019706
gross_profit,GrossProfit,2020-07-01,2020-09-30,2021,Q1,26152000000,10-Q,2020-10-27,0001564590-20-047996
net_income,NetIncomeLoss,2020-07-01,2020-09-30,2021,Q1,13893000000,10-Q,2020-10-27,0001564590-20-047996
operating_income,OperatingIncomeLoss,2020-07-01,2020-09-30,2021,Q1,15876000000,10-Q,2020-10-27,0001564590-20-047996
revenue,RevenueFromContractWithCustomerExcludingAssessedTax,2020-07-01,2020-09-30,2021,Q1,37154000000,10-Q,2020-10-27,0001564590-20-047996
gross_profit,GrossProfit,2020-10-01,2020-12-31,2021,Q2,28882000000,10-Q,2021-01-26,0001564590-21-002316
net_income,NetIncomeLoss,2020-10-01,2020-12-31,2021,Q2,15463000000,10-Q,2021-01-26,0001564590-21-002316
operating_income,OperatingIncomeLoss,2020-10-01,2020-12-31,2021,Q2,17897000000,10-Q,2021-01-26,0001564590-21-002316
revenue,RevenueFromContractWithCustomerExcludingAssessedTax,2020-10-01,2020-12-31,2021,Q2,43076000000,10-Q,2021-01-26,0001564590-21-002316
gross_profit,GrossProfit,2021-01-01,2021-03-31,2021,Q3,28661000000,10-Q,2021-04-27,0001564590-21-020891
net_income,NetIncomeLoss,2021-01-01,2021-03-31,2021,Q3,15457000000,10-Q,2021-04-27,0001564590-21-020891
operating_income,OperatingIncomeLoss,2021-01-01,2021-03-31,2021,Q3,17048000000,10-Q,2021-04-27,0001564590-21-020891
revenue,RevenueFromContractWithCustomerExcludingAssessedTax,2021-01-01,2021-03-31,2021,Q3,41706000000,10-Q,2021-04-27,0001564590-21-020891
gross_profit,GrossProfit,2021-04-01,2021-06-30,2021,Q4,32161000000,DERIVED,2021-07-29,0001564590-21-039151 | 0001564590-21-020891
net_income,NetIncomeLoss,2021-04-01,2021-06-30,2021,Q4,16458000000,DERIVED,2021-07-29,0001564590-21-039151 | 0001564590-21-020891
operating_income,OperatingIncomeLoss,2021-04-01,2021-06-30,2021,Q4,19095000000,DERIVED,2021-07-29,0001564590-21-039151 | 0001564590-21-020891
revenue,RevenueFromContractWithCustomerExcludingAssessedTax,2021-04-01,2021-06-30,2021,Q4,46152000000,DERIVED,2021-07-29,0001564590-21-039151 | 0001564590-21-020891
gross_profit,GrossProfit,2021-07-01,2021-09-30,2022,Q1,31671000000,10-Q,2021-10-26,0001564590-21-051992
net_income,NetIncomeLoss,2021-07-01,2021-09-30,2022,Q1,20505000000,10-Q,2021-10-26,0001564590-21-051992
operating_income,OperatingIncomeLoss,2021-07-01,2021-09-30,2022,Q1,20238000000,10-Q,2021-10-26,0001564590-21-051992
revenue,RevenueFromContractWithCustomerExcludingAssessedTax,2021-07-01,2021-09-30,2022,Q1,45317000000,10-Q,2021-10-26,0001564590-21-051992
gross_profit,GrossProfit,2021-10-01,2021-12-31,2022,Q2,34768000000,10-Q,2022-01-25,0001564590-22-002324
net_income,NetIncomeLoss,2021-10-01,2021-12-31,2022,Q2,18765000000,10-Q,2022-01-25,0001564590-22-002324
operating_income,OperatingIncomeLoss,2021-10-01,2021-12-31,2022,Q2,22247000000,10-Q,2022-01-25,0001564590-22-002324
revenue,RevenueFromContractWithCustomerExcludingAssessedTax,2021-10-01,2021-12-31,2022,Q2,51728000000,10-Q,2022-01-25,0001564590-22-002324
gross_profit,GrossProfit,2022-01-01,2022-03-31,2022,Q3,33745000000,10-Q,2022-04-26,0001564590-22-015675
net_income,NetIncomeLoss,2022-01-01,2022-03-31,2022,Q3,16728000000,10-Q,2022-04-26,0001564590-22-015675
operating_income,OperatingIncomeLoss,2022-01-01,2022-03-31,2022,Q3,20364000000,10-Q,2022-04-26,0001564590-22-015675
revenue,RevenueFromContractWithCustomerExcludingAssessedTax,2022-01-01,2022-03-31,2022,Q3,49360000000,10-Q,2022-04-26,0001564590-22-015675
gross_profit,GrossProfit,2022-04-01,2022-06-30,2022,Q4,35436000000,DERIVED,2022-07-28,0001564590-22-026876 | 0001564590-22-015675
net_income,NetIncomeLoss,2022-04-01,2022-06-30,2022,Q4,16740000000,DERIVED,2022-07-28,0001564590-22-026876 | 0001564590-22-015675
operating_income,OperatingIncomeLoss,2022-04-01,2022-06-30,2022,Q4,20534000000,DERIVED,2022-07-28,0001564590-22-026876 | 0001564590-22-015675
revenue,RevenueFromContractWithCustomerExcludingAssessedTax,2022-04-01,2022-06-30,2022,Q4,51865000000,DERIVED,2022-07-28,0001564590-22-026876 | 0001564590-22-015675
gross_profit,GrossProfit,2022-07-01,2022-09-30,2023,Q1,34670000000,10-Q,2022-10-25,0001564590-22-035087
net_income,NetIncomeLoss,2022-07-01,2022-09-30,2023,Q1,17556000000,10-Q,2022-10-25,0001564590-22-035087
operating_income,OperatingIncomeLoss,2022-07-01,2022-09-30,2023,Q1,21518000000,10-Q,2022-10-25,0001564590-22-035087
revenue,RevenueFromContractWithCustomerExcludingAssessedTax,2022-07-01,2022-09-30,2023,Q1,50122000000,10-Q,2022-10-25,0001564590-22-035087
gross_profit,GrossProfit,2022-10-01,2022-12-31,2023,Q2,35259000000,10-Q,2023-01-24,0001564590-23-000733
net_income,NetIncomeLoss,2022-10-01,2022-12-31,2023,Q2,16425000000,10-Q,2023-01-24,0001564590-23-000733
operating_income,OperatingIncomeLoss,2022-10-01,2022-12-31,2023,Q2,20399000000,10-Q,2023-01-24,0001564590-23-000733
revenue,RevenueFromContractWithCustomerExcludingAssessedTax,2022-10-01,2022-12-31,2023,Q2,52747000000,10-Q,2023-01-24,0001564590-23-000733
gross_profit,GrossProfit,2023-01-01,2023-03-31,2023,Q3,36729000000,10-Q,2023-04-25,0000950170-23-014423
net_income,NetIncomeLoss,2023-01-01,2023-03-31,2023,Q3,18299000000,10-Q,2023-04-25,0000950170-23-014423
operating_income,OperatingIncomeLoss,2023-01-01,2023-03-31,2023,Q3,22352000000,10-Q,2023-04-25,0000950170-23-014423
revenue,RevenueFromContractWithCustomerExcludingAssessedTax,2023-01-01,2023-03-31,2023,Q3,52857000000,10-Q,2023-04-25,0000950170-23-014423
gross_profit,GrossProfit,2023-04-01,2023-06-30,2023,Q4,39394000000,DERIVED,2023-07-27,0000950170-23-035122 | 0000950170-23-014423
net_income,NetIncomeLoss,2023-04-01,2023-06-30,2023,Q4,20081000000,DERIVED,2023-07-27,0000950170-23-035122 | 0000950170-23-014423
operating_income,OperatingIncomeLoss,2023-04-01,2023-06-30,2023,Q4,24254000000,DERIVED,2023-07-27,0000950170-23-035122 | 0000950170-23-014423
revenue,RevenueFromContractWithCustomerExcludingAssessedTax,2023-04-01,2023-06-30,2023,Q4,56189000000,DERIVED,2023-07-27,0000950170-23-035122 | 0000950170-23-014423
gross_profit,GrossProfit,2023-07-01,2023-09-30,2024,Q1,40215000000,10-Q,2023-10-24,0000950170-23-054855
net_income,NetIncomeLoss,2023-07-01,2023-09-30,2024,Q1,22291000000,10-Q,2023-10-24,0000950170-23-054855
operating_income,OperatingIncomeLoss,2023-07-01,2023-09-30,2024,Q1,26895000000,10-Q,2023-10-24,0000950170-23-054855
revenue,RevenueFromContractWithCustomerExcludingAssessedTax,2023-07-01,2023-09-30,2024,Q1,56517000000,10-Q,2023-10-24,0000950170-23-054855
gross_profit,GrossProfit,2023-10-01,2023-12-31,2024,Q2,42397000000,10-Q,2024-01-30,0000950170-24-008814
net_income,NetIncomeLoss,2023-10-01,2023-12-31,2024,Q2,21870000000,10-Q,2024-01-30,0000950170-24-008814
operating_income,OperatingIncomeLoss,2023-10-01,2023-12-31,2024,Q2,27032000000,10-Q,2024-01-30,0000950170-24-008814
revenue,RevenueFromContractWithCustomerExcludingAssessedTax,2023-10-01,2023-12-31,2024,Q2,62020000000,10-Q,2024-01-30,0000950170-24-008814
gross_profit,GrossProfit,2024-01-01,2024-03-31,2024,Q3,43353000000,10-Q,2024-04-25,0000950170-24-048288
net_income,NetIncomeLoss,2024-01-01,2024-03-31,2024,Q3,21939000000,10-Q,2024-04-25,0000950170-24-048288
operating_income,OperatingIncomeLoss,2024-01-01,2024-03-31,2024,Q3,27581000000,10-Q,2024-04-25,0000950170-24-048288
revenue,RevenueFromContractWithCustomerExcludingAssessedTax,2024-01-01,2024-03-31,2024,Q3,61858000000,10-Q,2024-04-25,0000950170-24-048288
gross_profit,GrossProfit,2024-04-01,2024-06-30,2024,Q4,45043000000,DERIVED,2024-07-30,0000950170-24-087843 | 0000950170-24-048288
net_income,NetIncomeLoss,2024-04-01,2024-06-30,2024,Q4,22036000000,DERIVED,2024-07-30,0000950170-24-087843 | 0000950170-24-048288
operating_income,OperatingIncomeLoss,2024-04-01,2024-06-30,2024,Q4,27925000000,DERIVED,2024-07-30,0000950170-24-087843 | 0000950170-24-048288
revenue,RevenueFromContractWithCustomerExcludingAssessedTax,2024-04-01,2024-06-30,2024,Q4,64727000000,DERIVED,2024-07-30,0000950170-24-087843 | 0000950170-24-048288
gross_profit,GrossProfit,2024-07-01,2024-09-30,2025,Q1,45486000000,10-Q,2024-10-30,0000950170-24-118967
net_income,NetIncomeLoss,2024-07-01,2024-09-30,2025,Q1,24667000000,10-Q,2024-10-30,0000950170-24-118967
operating_income,OperatingIncomeLoss,2024-07-01,2024-09-30,2025,Q1,30552000000,10-Q,2024-10-30,0000950170-24-118967
revenue,RevenueFromContractWithCustomerExcludingAssessedTax,2024-07-01,2024-09-30,2025,Q1,65585000000,10-Q,2024-10-30,0000950170-24-118967
gross_profit,GrossProfit,2024-10-01,2024-12-31,2025,Q2,47833000000,10-Q,2025-01-29,0000950170-25-010491
net_income,NetIncomeLoss,2024-10-01,2024-12-31,2025,Q2,24108000000,10-Q,2025-01-29,0000950170-25-010491
operating_income,OperatingIncomeLoss,2024-10-01,2024-12-31,2025,Q2,31653000000,10-Q,2025-01-29,0000950170-25-010491
revenue,RevenueFromContractWithCustomerExcludingAssessedTax,2024-10-01,2024-12-31,2025,Q2,69632000000,10-Q,2025-01-29,0000950170-25-010491
gross_profit,GrossProfit,2025-01-01,2025-03-31,2025,Q3,48147000000,10-Q,2025-04-30,0000950170-25-061046
net_income,NetIncomeLoss,2025-01-01,2025-03-31,2025,Q3,25824000000,10-Q,2025-04-30,0000950170-25-061046
operating_income,OperatingIncomeLoss,2025-01-01,2025-03-31,2025,Q3,32000000000,10-Q,2025-04-30,0000950170-25-061046
revenue,RevenueFromContractWithCustomerExcludingAssessedTax,2025-01-01,2025-03-31,2025,Q3,70066000000,10-Q,2025-04-30,0000950170-25-061046
gross_profit,GrossProfit,2025-04-01,2025-06-30,2025,Q4,52427000000,DERIVED,2025-07-30,0000950170-25-100235 | 0000950170-25-061046
net_income,NetIncomeLoss,2025-04-01,2025-06-30,2025,Q4,27233000000,DERIVED,2025-07-30,0000950170-25-100235 | 0000950170-25-061046
operating_income,OperatingIncomeLoss,2025-04-01,2025-06-30,2025,Q4,34323000000,DERIVED,2025-07-30,0000950170-25-100235 | 0000950170-25-061046
revenue,RevenueFromContractWithCustomerExcludingAssessedTax,2025-04-01,2025-06-30,2025,Q4,76441000000,DERIVED,2025-07-30,0000950170-25-100235 | 0000950170-25-061046
gross_profit,GrossProfit,2025-07-01,2025-09-30,2026,Q1,53630000000,10-Q,2025-10-29,0001193125-25-256321
net_income,NetIncomeLoss,2025-07-01,2025-09-30,2026,Q1,27747000000,10-Q,2025-10-29,0001193125-25-256321
operating_income,OperatingIncomeLoss,2025-07-01,2025-09-30,2026,Q1,37961000000,10-Q,2025-10-29,0001193125-25-256321
revenue,RevenueFromContractWithCustomerExcludingAssessedTax,2025-07-01,2025-09-30,2026,Q1,77673000000,10-Q,2025-10-29,0001193125-25-256321
gross_profit,GrossProfit,2025-10-01,2025-12-31,2026,Q2,55295000000,10-Q,2026-01-28,0001193125-26-027207
net_income,NetIncomeLoss,2025-10-01,2025-12-31,2026,Q2,38458000000,10-Q,2026-01-28,0001193125-26-027207
operating_income,OperatingIncomeLoss,2025-10-01,2025-12-31,2026,Q2,38275000000,10-Q,2026-01-28,0001193125-26-027207
revenue,RevenueFromContractWithCustomerExcludingAssessedTax,2025-10-01,2025-12-31,2026,Q2,81273000000,10-Q,2026-01-28,0001193125-26-027207
gross_profit,GrossProfit,2026-01-01,2026-03-31,2026,Q3,56058000000,10-Q,2026-04-29,0001193125-26-191507
net_income,NetIncomeLoss,2026-01-01,2026-03-31,2026,Q3,31778000000,10-Q,2026-04-29,0001193125-26-191507
operating_income,OperatingIncomeLoss,2026-01-01,2026-03-31,2026,Q3,38398000000,10-Q,2026-04-29,0001193125-26-191507
revenue,RevenueFromContractWithCustomerExcludingAssessedTax,2026-01-01,2026-03-31,2026,Q3,82886000000,10-Q,2026-04-29,0001193125-26-191507
gross_profit,GrossProfit,2026-04-01,2026-06-30,2026,Q4,60482000000,DERIVED,2026-07-29,0001193125-26-323660 | 0001193125-26-191507
net_income,NetIncomeLoss,2026-04-01,2026-06-30,2026,Q4,35766000000,DERIVED,2026-07-29,0001193125-26-323660 | 0001193125-26-191507
operating_income,OperatingIncomeLoss,2026-04-01,2026-06-30,2026,Q4,40603000000,DERIVED,2026-07-29,0001193125-26-323660 | 0001193125-26-191507
revenue,RevenueFromContractWithCustomerExcludingAssessedTax,2026-04-01,2026-06-30,2026,Q4,90007000000,DERIVED,2026-07-29,0001193125-26-323660 | 0001193125-26-191507
