fiscal_year,fiscal_period,quarter_number,revenue,gross_profit,operating_income,net_income,previous_quarter_revenue,prior_year_quarter_revenue,revenue_qoq_change,revenue_qoq_growth_pct,revenue_yoy_change,revenue_yoy_growth_pct,gross_margin_pct,operating_margin_pct,net_margin_pct
2010,Q1,1,,,4482000000,3574000000,,,,,,,,,
2010,Q2,2,,,8513000000,6662000000,,,,,,,,,
2010,Q3,3,,,5173000000,4006000000,,,,,,,,,
2010,Q4,4,,,5930000000,4518000000,,,,,,,,,
2011,Q1,1,,,7116000000,5410000000,,,,,,,,,
2011,Q2,2,,,8165000000,6634000000,,,,,,,,,
2011,Q3,3,,,5709000000,5232000000,,,,,,,,,
2011,Q4,4,,,6171000000,5874000000,,,,,,,,,
2012,Q1,1,,,7203000000,5738000000,,,,,,,,,
2012,Q3,3,,,6374000000,5108000000,,,,,,,,,
2012,Q4,4,,,192000000,-492000000,,,,,,,,,
2013,Q1,1,,11840000000,5308000000,4466000000,,,,,,,,,
2013,Q2,2,,15764000000,7771000000,6377000000,,,,,,,,,
2013,Q3,3,,15702000000,7612000000,6055000000,,,,,,,,,
2013,Q4,4,,14294000000,6073000000,4965000000,,,,,,,,,
2014,Q1,1,,13415000000,6334000000,5244000000,,,,,,,,,
2014,Q2,2,,16235000000,7969000000,6558000000,,,,,,,,,
2014,Q3,3,,14462000000,6974000000,5660000000,,,,,,,,,
2014,Q4,4,,15787000000,6482000000,4612000000,,,,,,,,,
2015,Q1,1,,14928000000,5844000000,4540000000,,,,,,,,,
2015,Q2,2,,16334000000,7776000000,5863000000,,,,,,,,,
2015,Q3,3,,14568000000,6594000000,4985000000,,,,,,,,,
2015,Q4,4,,14712000000,-2053000000,-3195000000,,,,,,,,,
2016,Q1,1,,13172000000,5793000000,4620000000,,,,,,,,,
2016,Q2,2,,13924000000,6026000000,4998000000,,,,,,,,,
2016,Q3,3,,12809000000,5283000000,3756000000,,,,,,,,,
2016,Q4,4,,12635000000,3080000000,3122000000,,,,,,,,,
2017,Q1,1,,12609000000,5225000000,4690000000,,,,,,,,,
2017,Q2,2,,14189000000,6177000000,5200000000,,,,,,,,,
2017,Q3,3,,14030000000,5594000000,4801000000,,,,,,,,,
2017,Q4,4,,14861000000,5330000000,6513000000,,,,,,,,,
2018,Q1,1,,16260000000,7708000000,6576000000,,,,,,,,,
2018,Q2,2,,17854000000,8679000000,-6302000000,,,,,,,,,
2018,Q3,3,,17550000000,8292000000,7424000000,,,,,,,,,
2018,Q4,4,,20343000000,10379000000,8873000000,,,,,,,,,
2019,Q1,1,29084000000,19179000000,9955000000,8824000000,,,,,,,65.94,34.23,30.34
2019,Q2,2,32471000000,20048000000,10258000000,8420000000,29084000000,,3387000000,11.65,,,61.74,31.59,25.93
2019,Q3,3,30571000000,20401000000,10341000000,8809000000,32471000000,,-1900000000,-5.85,,,66.73,33.83,28.81
2019,Q4,4,33717000000,23305000000,12405000000,13187000000,30571000000,,3146000000,10.29,,,69.12,36.79,39.11
2020,Q1,1,33055000000,22649000000,12686000000,10678000000,33717000000,29084000000,-662000000,-1.96,3971000000,13.65,68.52,38.38,32.3
2020,Q2,2,36906000000,24548000000,13891000000,11649000000,33055000000,32471000000,3851000000,11.65,4435000000,13.66,66.51,37.64,31.56
2020,Q3,3,35021000000,24046000000,12975000000,10752000000,36906000000,30571000000,-1885000000,-5.11,4450000000,14.56,68.66,37.05,30.7
2020,Q4,4,38033000000,25694000000,13407000000,11202000000,35021000000,33717000000,3012000000,8.6,4316000000,12.8,67.56,35.25,29.45
2021,Q1,1,37154000000,26152000000,15876000000,13893000000,38033000000,33055000000,-879000000,-2.31,4099000000,12.4,70.39,42.73,37.39
2021,Q2,2,43076000000,28882000000,17897000000,15463000000,37154000000,36906000000,5922000000,15.94,6170000000,16.72,67.05,41.55,35.9
2021,Q3,3,41706000000,28661000000,17048000000,15457000000,43076000000,35021000000,-1370000000,-3.18,6685000000,19.09,68.72,40.88,37.06
2021,Q4,4,46152000000,32161000000,19095000000,16458000000,41706000000,38033000000,4446000000,10.66,8119000000,21.35,69.68,41.37,35.66
2022,Q1,1,45317000000,31671000000,20238000000,20505000000,46152000000,37154000000,-835000000,-1.81,8163000000,21.97,69.89,44.66,45.25
2022,Q2,2,51728000000,34768000000,22247000000,18765000000,45317000000,43076000000,6411000000,14.15,8652000000,20.09,67.21,43.01,36.28
2022,Q3,3,49360000000,33745000000,20364000000,16728000000,51728000000,41706000000,-2368000000,-4.58,7654000000,18.35,68.37,41.26,33.89
2022,Q4,4,51865000000,35436000000,20534000000,16740000000,49360000000,46152000000,2505000000,5.07,5713000000,12.38,68.32,39.59,32.28
2023,Q1,1,50122000000,34670000000,21518000000,17556000000,51865000000,45317000000,-1743000000,-3.36,4805000000,10.6,69.17,42.93,35.03
2023,Q2,2,52747000000,35259000000,20399000000,16425000000,50122000000,51728000000,2625000000,5.24,1019000000,1.97,66.85,38.67,31.14
2023,Q3,3,52857000000,36729000000,22352000000,18299000000,52747000000,49360000000,110000000,0.21,3497000000,7.08,69.49,42.29,34.62
2023,Q4,4,56189000000,39394000000,24254000000,20081000000,52857000000,51865000000,3332000000,6.3,4324000000,8.34,70.11,43.17,35.74
2024,Q1,1,56517000000,40215000000,26895000000,22291000000,56189000000,50122000000,328000000,0.58,6395000000,12.76,71.16,47.59,39.44
2024,Q2,2,62020000000,42397000000,27032000000,21870000000,56517000000,52747000000,5503000000,9.74,9273000000,17.58,68.36,43.59,35.26
2024,Q3,3,61858000000,43353000000,27581000000,21939000000,62020000000,52857000000,-162000000,-0.26,9001000000,17.03,70.08,44.59,35.47
2024,Q4,4,64727000000,45043000000,27925000000,22036000000,61858000000,56189000000,2869000000,4.64,8538000000,15.2,69.59,43.14,34.04
2025,Q1,1,65585000000,45486000000,30552000000,24667000000,64727000000,56517000000,858000000,1.33,9068000000,16.04,69.35,46.58,37.61
2025,Q2,2,69632000000,47833000000,31653000000,24108000000,65585000000,62020000000,4047000000,6.17,7612000000,12.27,68.69,45.46,34.62
2025,Q3,3,70066000000,48147000000,32000000000,25824000000,69632000000,61858000000,434000000,0.62,8208000000,13.27,68.72,45.67,36.86
2025,Q4,4,76441000000,52427000000,34323000000,27233000000,70066000000,64727000000,6375000000,9.1,11714000000,18.1,68.58,44.9,35.63
2026,Q1,1,77673000000,53630000000,37961000000,27747000000,76441000000,65585000000,1232000000,1.61,12088000000,18.43,69.05,48.87,35.72
2026,Q2,2,81273000000,55295000000,38275000000,38458000000,77673000000,69632000000,3600000000,4.63,11641000000,16.72,68.04,47.09,47.32
2026,Q3,3,82886000000,56058000000,38398000000,31778000000,81273000000,70066000000,1613000000,1.98,12820000000,18.3,67.63,46.33,38.34
2026,Q4,4,90007000000,60482000000,40603000000,35766000000,82886000000,76441000000,7121000000,8.59,13566000000,17.75,67.2,45.11,39.74
